Settlement Date,Spot Price ($/MWh),Scheduled Demand (MW),Scheduled Generation (MW),Semi Scheduled Generation (MW),Net Import (MW),Type
16/06/2026 23:45,0,1569.14,40.00346,1913.24654,388.69,ACTUAL
16/06/2026 23:50,0.03644,1652.95,39.99516,1888.46484,278.1,ACTUAL
16/06/2026 23:55,0.43,1660.91,39.99623,1887.92377,269.46,ACTUAL
17/06/2026 00:00,0.92057,1658.62,40.00311,1866.29689,249.8,ACTUAL
17/06/2026 00:05,0.94739,1738.99,40.00447,1842.00553,143.88,ACTUAL
17/06/2026 00:10,0.92913,1639.49,39.99756,1817.51244,219.75,ACTUAL
17/06/2026 00:15,0.92572,1649.4,40.00009,1831.01991,223.36,ACTUAL
17/06/2026 00:20,0.97692,1799.88,39.99552,1808.51448,48.8,ACTUAL
17/06/2026 00:25,0.95972,1762.51,40.00042,1827.79958,105.76,ACTUAL
17/06/2026 00:30,0.43,1715.21,40.00193,1816.62807,142.16,ACTUAL
17/06/2026 00:35,0.43,1740.13,39.9996,1833.9004,134.44,ACTUAL
17/06/2026 00:40,0.00966,1779.34,39.99812,1840.19188,101.26,ACTUAL
17/06/2026 00:45,0.43,1853.94,39.99715,1870.11285,56.33,ACTUAL
17/06/2026 00:50,0.43,1836.3,40.00421,1829.04579,32.82,ACTUAL
17/06/2026 00:55,0.9991,1849.92,40.00182,1778.77818,-31.16,ACTUAL
17/06/2026 01:00,0.98492,1823.37,40.00015,1802.07985,18.75,ACTUAL
17/06/2026 01:05,0.00954,1715.3,39.99752,1819.86248,145.25,ACTUAL
17/06/2026 01:10,0.43,1732.9,40.00346,1757.70654,65.01,ACTUAL
17/06/2026 01:15,1.01653,1836.4,39.99594,1698.42406,-97.89,ACTUAL
17/06/2026 01:20,0,1821.87,39.99914,1675.94086,-105.83,ACTUAL
17/06/2026 01:25,0,1819.15,40.00266,1674.37734,-104.66,ACTUAL
17/06/2026 01:30,0,1818.73,40.00496,1656.15504,-122.39,ACTUAL
17/06/2026 01:35,0.01044,1892.01,40.00287,1656.83713,-194.55,ACTUAL
17/06/2026 01:40,0.43,1818.33,40.00304,1642.32696,-135.75,ACTUAL
17/06/2026 01:45,0,1805.91,40.00356,1639.25644,-126.44,ACTUAL
17/06/2026 01:50,0,1764.17,40.00397,1641.06603,-83.05,ACTUAL
17/06/2026 01:55,-0.05011,1760.48,40.00227,1657.80773,-62.66,ACTUAL
17/06/2026 02:00,-0.09674,1627.83,39.99759,1689.02241,101.58,ACTUAL
17/06/2026 02:05,-0.04972,1770.32,40.00268,1713.34732,-16.99,ACTUAL
17/06/2026 02:10,-0.04997,1781.25,39.99701,1707.91299,-33.36,ACTUAL
17/06/2026 02:15,-0.10009,1807.58,39.99863,1731.16137,-36.44,ACTUAL
17/06/2026 02:20,-0.09988,1793.08,39.99571,1722.10429,-30.99,ACTUAL
17/06/2026 02:25,-0.10151,1848.17,40.00353,1707.86647,-100.2,ACTUAL
17/06/2026 02:30,-0.10273,1841.77,39.99869,1656.18131,-145.32,ACTUAL
17/06/2026 02:35,0,1816.02,39.99767,1640.02233,-135.78,ACTUAL
17/06/2026 02:40,-0.10296,1796.5,40.00347,1609.08653,-147.13,ACTUAL
17/06/2026 02:45,-0.10342,1810.51,39.99811,1609.45189,-160.7,ACTUAL
17/06/2026 02:50,-0.10576,1878.12,40.00122,1599.88878,-237.25,ACTUAL
17/06/2026 02:55,-0.10252,1767.48,39.99501,1600.62499,-126.67,ACTUAL
17/06/2026 03:00,-0.10431,1805.63,40.00427,1569.73573,-195.3,ACTUAL
17/06/2026 03:05,-0.1015,1726.16,40.00151,1587.34849,-98.75,ACTUAL
17/06/2026 03:10,0,1897.09,40.00021,1568.08979,-287.5,ACTUAL
17/06/2026 03:15,-0.10357,1761.46,39.99534,1539.52466,-181.46,ACTUAL
17/06/2026 03:20,0,1752.98,40.0043,1559.9757,-152.72,ACTUAL
17/06/2026 03:25,0,1774.16,39.99974,1547.16026,-186.49,ACTUAL
17/06/2026 03:30,0,1598.05,40.00431,1558.04569,0,ACTUAL
17/06/2026 03:35,0,1624.62,40.00383,1584.61617,0,ACTUAL
17/06/2026 03:40,0,1598.01,40.00419,1575.00581,17.04,ACTUAL
17/06/2026 03:45,0,1805.34,40.001,1595.339,-169.67,ACTUAL
17/06/2026 03:50,0,1637.39,39.998,1597.392,0,ACTUAL
17/06/2026 03:55,-0.09814,1610.47,40.00243,1600.65757,30.28,ACTUAL
17/06/2026 04:00,0,1606.2,40.00206,1583.19794,17.04,ACTUAL
17/06/2026 04:05,-0.0985,1617.24,40.00348,1579.80652,2.57,ACTUAL
17/06/2026 04:10,-2,1594.75,39.99923,1522.74077,-32.05,ACTUAL
17/06/2026 04:15,-1,1644.86,40.00474,1617.80526,12.97,ACTUAL
17/06/2026 04:20,-0.10058,1733.67,39.99938,1634.77062,-58.92,ACTUAL
17/06/2026 04:25,-2,1677.43,40.00181,1596.60819,-40.86,ACTUAL
17/06/2026 04:30,-2.01,1643.69,39.99679,1510.37321,-93.29,ACTUAL
17/06/2026 04:35,-2.01,1580.99,39.99677,1474.14323,-66.86,ACTUAL
17/06/2026 04:40,-0.0955,1552.12,40.00347,1633.43653,121.92,ACTUAL
17/06/2026 04:45,-2,1578.87,39.99701,1563.70299,24.9,ACTUAL
17/06/2026 04:50,-0.09631,1543.58,39.996,1589.504,86.29,ACTUAL
17/06/2026 04:55,-0.09528,1535.2,40.00036,1616.03964,121.49,ACTUAL
17/06/2026 05:00,-0.0948,1524.03,40.00089,1631.66911,148.54,ACTUAL
17/06/2026 05:05,-0.09481,1528.05,40.00393,1640.21607,153.1,ACTUAL
17/06/2026 05:10,-0.0938,1535.37,39.99932,1677.35068,183.27,ACTUAL
17/06/2026 05:15,-2,1569.07,39.99707,1629.59293,101.02,ACTUAL
17/06/2026 05:20,-1,1546.61,39.9981,1692.6219,187.35,ACTUAL
17/06/2026 05:25,-1,1564.19,39.99714,1715.23286,192.42,ACTUAL
17/06/2026 05:30,-2,1571.25,40.00118,1659.46882,128.96,ACTUAL
17/06/2026 05:35,-0.0929,1528.88,39.99692,1698.76308,211.52,ACTUAL
17/06/2026 05:40,1.1,1556.76,39.99747,1720.76253,205.56,ACTUAL
17/06/2026 05:45,1.1,1569.33,39.9981,1733.3319,205.57,ACTUAL
17/06/2026 05:50,-0.09236,1544.33,39.99579,1740.99421,238.7,ACTUAL
17/06/2026 05:55,-0.09189,1529.69,39.99575,1743.29425,255.9,ACTUAL
17/06/2026 06:00,-0.09277,1568.2,40.00345,1747.01655,220.62,ACTUAL
17/06/2026 06:05,-0.09325,1574.21,39.99719,1722.86281,190.05,ACTUAL
17/06/2026 06:10,-0.04697,1593.42,40.0046,1695.0954,142.59,ACTUAL
17/06/2026 06:15,0,1594.97,39.99628,1689.58372,135.51,ACTUAL
17/06/2026 06:20,0.0001,1660.16,40.00115,1692.82885,73.05,ACTUAL
17/06/2026 06:25,0.00009,1580.89,40.00305,1711.17695,171.57,ACTUAL
17/06/2026 06:30,0.0003,1567.15,40.003,1724.047,198.55,ACTUAL
17/06/2026 06:35,8.39846,1603.29,40.00209,1739.79791,177.92,ACTUAL
17/06/2026 06:40,8.24398,1553.46,40.00482,1727.42518,215.92,ACTUAL
17/06/2026 06:45,8.0838,1490.77,40.00341,1737.33659,289.7,ACTUAL
17/06/2026 06:50,9.59943,1506.96,39.99945,1709.77055,245.15,ACTUAL
17/06/2026 06:55,9.87433,1533.5,40.00026,1683.06974,191.17,ACTUAL
17/06/2026 07:00,9.95997,1537.75,40.00343,1656.97657,160.48,ACTUAL
17/06/2026 07:05,10.24291,1560.16,46.00274,1579.35726,65.57,ACTUAL
17/06/2026 07:10,9.90027,1568.45,46.00409,1646.99591,125.45,ACTUAL
17/06/2026 07:15,52.96154,1571.18,45.99607,1619.94393,95.42,ACTUAL
17/06/2026 07:20,52.65605,1581.92,79.99541,1619.54459,118.52,ACTUAL
17/06/2026 07:25,34.72043,1593.63,135.00389,1625.21611,168.06,ACTUAL
17/06/2026 07:30,31.54002,1605.26,79.99951,1649.95049,125.67,ACTUAL
17/06/2026 07:35,31.67139,1632.27,79.9965,1674.3935,123.06,ACTUAL
17/06/2026 07:40,39.43753,1672.67,135.00369,1697.50631,161.14,ACTUAL
17/06/2026 07:45,39.80985,1680.74,104.99974,1677.79026,102.73,ACTUAL
17/06/2026 07:50,42.112,1694.35,105.00176,1724.38824,136.07,ACTUAL
17/06/2026 07:55,44.20628,1704.37,114.99796,1721.85204,133.48,ACTUAL
17/06/2026 08:00,39.89343,1706.66,114.99783,1724.02217,133.34,ACTUAL
17/06/2026 08:05,39.0282,1725.55,139.99846,1747.42154,163.17,ACTUAL
17/06/2026 08:10,48.52102,1733.5,188.00004,1747.96996,204.31,ACTUAL
17/06/2026 08:15,40.11493,1758.13,188.00299,1765.48701,197.06,ACTUAL
17/06/2026 08:20,8.51,1751.61,215.43509,1786.19491,252.54,ACTUAL
17/06/2026 08:25,-2,1819,264.99585,1811.85415,260.39,ACTUAL
17/06/2026 08:30,22.35,1848.86,297.00228,1803.93772,254.57,ACTUAL
17/06/2026 08:35,48.95361,2008.14,235.00291,1799.15709,26.13,ACTUAL
17/06/2026 08:40,-2,1802.78,265.00132,1759.92868,224.12,ACTUAL
17/06/2026 08:45,-1.09992,1820.42,210.00336,1874.77664,266.92,ACTUAL
17/06/2026 08:50,-2,1822.26,210.00008,1870.06992,260.24,ACTUAL
17/06/2026 08:55,-1,1890.85,210.00499,1935.30501,256.77,ACTUAL
17/06/2026 09:00,-2,1876.56,284.99988,1844.58012,255.46,ACTUAL
17/06/2026 09:05,-1.09992,1848.15,209.99508,1889.88492,254.12,ACTUAL
17/06/2026 09:10,-1.09992,1821.82,210.00251,1864.05749,254.62,ACTUAL
17/06/2026 09:15,-2,1813.71,236.16876,1831.23124,256.12,ACTUAL
17/06/2026 09:20,-2,1819.47,248.00489,1813.57511,244.26,ACTUAL
17/06/2026 09:25,-1.1,1816.36,210.00444,1847.75556,243.51,ACTUAL
17/06/2026 09:30,-1,1804.56,148.85238,1887.92762,234.23,ACTUAL
17/06/2026 09:35,-1,1812.48,209.99519,1846.05481,245.68,ACTUAL
17/06/2026 09:40,0.14593,1754.91,150.19813,1852.39187,249.8,ACTUAL
17/06/2026 09:45,-1,1762.06,150.19826,1873.42174,263.88,ACTUAL
17/06/2026 09:50,-0.83151,1738.76,148.18017,1854.70983,266.45,ACTUAL
17/06/2026 09:55,-0.69131,1735.05,105.23678,1835.46322,207.14,ACTUAL
17/06/2026 10:00,8.51,1737.01,100.95557,1833.41443,198.75,ACTUAL
17/06/2026 10:05,-1,1733.99,82.00363,1859.70637,209.26,ACTUAL
17/06/2026 10:10,-1,1718.48,82.00472,1900.17528,266.07,ACTUAL
17/06/2026 10:15,-1,1752.51,81.99805,1900.30195,231.62,ACTUAL
17/06/2026 10:20,4.15057,1752.78,82.0019,1905.1481,236.16,ACTUAL
17/06/2026 10:25,3.65284,1757.36,82.00235,1903.93765,230.29,ACTUAL
17/06/2026 10:30,14.19,1836.02,107.00196,1910.61804,182.75,ACTUAL
17/06/2026 10:35,-1.1,1893.16,81.99605,1840.94395,29.87,ACTUAL
17/06/2026 10:40,1.85003,1891.52,82.00279,1879.30721,69.95,ACTUAL
17/06/2026 10:45,1.07777,1913.13,82.00323,1913.37677,82.43,ACTUAL
17/06/2026 10:50,1.92681,2052.47,82.00101,1911.21899,-59.16,ACTUAL
17/06/2026 10:55,9.53754,1900.39,99.51073,1882.48927,81.78,ACTUAL
17/06/2026 11:00,1.00226,1902.03,81.99651,1890.94349,71.02,ACTUAL
17/06/2026 11:05,36.50817,1918.08,82.00165,1869.88835,33.83,ACTUAL
17/06/2026 11:10,23.08829,1851.12,82.00254,1866.65746,97.85,ACTUAL
17/06/2026 11:15,21.74791,1838.89,81.99546,1890.49454,134.12,ACTUAL
17/06/2026 11:20,22.86661,1815.56,81.99585,1886.36415,153.53,ACTUAL
17/06/2026 11:25,10.13877,1823.59,81.99565,1873.35435,132.32,ACTUAL
17/06/2026 11:30,13.36178,1803.44,82.00263,1876.95737,156.29,ACTUAL
17/06/2026 11:35,12.67761,1798.08,81.99921,1892.52079,177.45,ACTUAL
17/06/2026 11:40,9.21252,1847.77,82.00367,1940.69633,175.87,ACTUAL
17/06/2026 11:45,9.63678,1850.23,81.99905,1930.92095,163.54,ACTUAL
17/06/2026 11:50,4.57323,1819.97,81.99696,1919.56304,182.64,ACTUAL
17/06/2026 11:55,10.26163,1834.53,81.99867,1869.59133,117.54,ACTUAL
17/06/2026 12:00,10.34099,1883.69,82.0005,1828.7995,27.17,ACTUAL
17/06/2026 12:05,-0.00056,1800.65,82.00019,1814.12981,95.86,ACTUAL
17/06/2026 12:10,13.65637,1832.27,82.00437,1799.84563,49.71,ACTUAL
17/06/2026 12:15,-0.10145,1975.25,82.0046,1797.4354,-95.78,ACTUAL
17/06/2026 12:20,8.8533,1882.24,81.99503,1808.31497,8.08,ACTUAL
17/06/2026 12:25,-0.77496,1833.38,82.00105,1856.11895,105.1,ACTUAL
17/06/2026 12:30,-0.40807,1839.31,82.0008,1873.4692,116.57,ACTUAL
17/06/2026 12:35,9.96222,1832.54,82.00015,1838.18985,87.92,ACTUAL
17/06/2026 12:40,7.85821,1825.44,81.999,1864.931,121.98,ACTUAL
17/06/2026 12:45,21.87674,1794.02,82.00395,1814.87605,103.21,ACTUAL
17/06/2026 12:50,10.24676,1806.25,81.99567,1788.32433,64.27,ACTUAL
17/06/2026 12:55,10.28796,1799.97,82.00306,1753.58694,35.7,ACTUAL
17/06/2026 13:00,10.29116,1708.33,82.00349,1669.02651,42.81,ACTUAL
17/06/2026 13:05,24.93633,1695.59,81.9984,1651.8816,38.4,ACTUAL
17/06/2026 13:10,32.97737,1706.7,82.00072,1649.03928,24.4,ACTUAL
17/06/2026 13:15,37.37419,1712.63,82.00282,1635.84718,5.23,ACTUAL
17/06/2026 13:20,37.9882,1732.7,82.00143,1601.26857,-49.44,ACTUAL
17/06/2026 13:25,37.68668,1714.86,82.0035,1595.4565,-37.42,ACTUAL
17/06/2026 13:30,10.70411,1718.23,81.99856,1596.25144,-39.99,ACTUAL
17/06/2026 13:35,10.89016,1752.63,81.99706,1573.76294,-96.72,ACTUAL
17/06/2026 13:40,14.61175,1761.79,81.99693,1549.26307,-130.19,ACTUAL
17/06/2026 13:45,10.98977,1744.72,81.99639,1534.36361,-128.01,ACTUAL
17/06/2026 13:50,17.94617,1752.44,81.99653,1563.42347,-106.82,ACTUAL
17/06/2026 13:55,9.12018,1701.44,82.00412,1528.46588,-90.85,ACTUAL
17/06/2026 14:00,15.60375,1720.55,82.0023,1541.1677,-97.23,ACTUAL
17/06/2026 14:05,16.59816,1742.41,81.99793,1511.46207,-148.53,ACTUAL
17/06/2026 14:10,10.87551,1703.72,81.99605,1484.33395,-137.01,ACTUAL
17/06/2026 14:15,10.77361,1695.19,81.99896,1507.29104,-105.69,ACTUAL
17/06/2026 14:20,10.8575,1690.9,82.0038,1510.7462,-98.02,ACTUAL
17/06/2026 14:25,43.82547,1686.48,81.99839,1511.95161,-92.44,ACTUAL
17/06/2026 14:30,42.36485,1743.18,81.9955,1523.2245,-137.68,ACTUAL
17/06/2026 14:35,39.48006,1748.41,192.99722,1590.03278,34.71,ACTUAL
17/06/2026 14:40,10.58724,1689.17,82.00223,1604.74777,-2.42,ACTUAL
17/06/2026 14:45,43.08469,1688.61,81.99605,1570.89395,-35.76,ACTUAL
17/06/2026 14:50,38.42735,1653.39,192.99548,1564.56452,104.69,ACTUAL
17/06/2026 14:55,37.76378,1676.84,262.99929,1585.09071,172.32,ACTUAL
17/06/2026 15:00,43.18692,1723.65,204.00048,1584.51952,65.08,ACTUAL
17/06/2026 15:05,41.33065,1744.39,198.00214,1577.12786,30.82,ACTUAL
17/06/2026 15:10,31.31,1723.08,209.69619,1529.59381,16.25,ACTUAL
17/06/2026 15:15,40.55305,1755.38,143.99776,1499.82224,-111.45,ACTUAL
17/06/2026 15:20,40.2488,1742.11,124.00052,1571.80948,-46.35,ACTUAL
17/06/2026 15:25,38.92585,1734.39,216.99809,1586.48191,69.37,ACTUAL
17/06/2026 15:30,39.27598,1721.09,159.00078,1596.17922,34.2,ACTUAL
17/06/2026 15:35,36.18619,1711.09,158.00422,1624.57578,71.79,ACTUAL
17/06/2026 15:40,45.86454,1677.56,202.99511,1595.87489,122.01,ACTUAL
17/06/2026 15:45,51.60964,1672.75,199.0048,1557.1352,83.79,ACTUAL
17/06/2026 15:50,44.13271,1674.82,314.00012,1564.26988,205.12,ACTUAL
17/06/2026 15:55,38.02964,1699.29,225.99684,1625.94316,153.71,ACTUAL
17/06/2026 16:00,38.29388,1726.77,219.99822,1642.49178,136.55,ACTUAL
17/06/2026 16:05,13.72,1728.87,297.33277,1701.53723,272.64,ACTUAL
17/06/2026 16:10,-0.9,1733.32,255.00039,1748.31961,272.64,ACTUAL
17/06/2026 16:15,18.2,1763.13,288.1354,1744.9946,272.56,ACTUAL
17/06/2026 16:20,18.2,1888.49,286.58883,1734.28117,133.22,ACTUAL
17/06/2026 16:25,10.03292,1795.27,229.99947,1733.21053,169.08,ACTUAL
17/06/2026 16:30,9.98171,1792,226.9997,1700.2803,136.1,ACTUAL
17/06/2026 16:35,18.2,1918.08,236.94215,1678.68785,-2.46,ACTUAL
17/06/2026 16:40,10.15257,1804.54,228.0025,1691.5275,115.67,ACTUAL
17/06/2026 16:45,10.0613,1810.5,228.00405,1724.10595,142.53,ACTUAL
17/06/2026 16:50,14.21025,1801.03,228.00361,1762.98639,191.42,ACTUAL
17/06/2026 16:55,27.59777,1815.51,290.89088,1787.10912,264.98,ACTUAL
17/06/2026 17:00,27.57832,1818.38,261.0589,1824.9411,270.23,ACTUAL
17/06/2026 17:05,14.13239,1818.5,235.99511,1787.05489,206.23,ACTUAL
17/06/2026 17:10,15.37648,1858.51,245.00382,1761.92618,149.38,ACTUAL
17/06/2026 17:15,9.83181,1856.79,315.84973,1770.15027,231.16,ACTUAL
17/06/2026 17:20,30.73,1873.73,304.39245,1792.69755,225.25,ACTUAL
17/06/2026 17:25,37.51451,1888.02,439,1687,240.1,ACTUAL
17/06/2026 17:30,39.81099,1914.31,491,1637,215.41,ACTUAL
17/06/2026 17:35,39.4377,1923.39,495,1637,210.31,ACTUAL
17/06/2026 17:40,36.25076,1931.12,341,1787,198.43,ACTUAL
17/06/2026 17:45,36.62253,1959.6,517,1626,184.7,ACTUAL
17/06/2026 17:50,45.29997,1950.93,534,1600,184.41,ACTUAL
17/06/2026 17:55,37.98273,1949.59,538,1604,193.87,ACTUAL
17/06/2026 18:00,39.93125,1950.98,548,1602,200.57,ACTUAL
17/06/2026 18:05,44.8051,1957.19,371,1753,167.95,ACTUAL
17/06/2026 18:10,32.56759,1951.16,382,1755,187.15,ACTUAL
17/06/2026 18:15,36.75332,1964.42,385,1754,175.73,ACTUAL
17/06/2026 18:20,38.84865,1994.3,376,1766,148.53,ACTUAL
17/06/2026 18:25,30.40591,2009.64,514,1627,132.02,ACTUAL
17/06/2026 18:30,28.44348,1993.53,529,1628,164.46,ACTUAL
17/06/2026 18:35,45.42721,2002.45,465,1691,154.44,ACTUAL
17/06/2026 18:40,30.36633,1975.29,406,1697,128.38,ACTUAL
17/06/2026 18:45,10.01896,1949.47,309,1819,179.69,ACTUAL
17/06/2026 18:50,21.32681,1960.43,326,1815,181.77,ACTUAL
17/06/2026 18:55,28.55877,1975.63,318,1821,164.37,ACTUAL
17/06/2026 19:00,32.29171,1971.2,302,1821,152.7,ACTUAL
17/06/2026 19:05,8.45615,1964.59,307.00209,1821.94791,165.34,ACTUAL
17/06/2026 19:10,10.02775,1974.96,280.00429,1826.76571,132.49,ACTUAL
17/06/2026 19:15,10.03159,1974.66,205,1892,122.94,ACTUAL
17/06/2026 19:20,10.02543,1973.33,201,1898,126.31,ACTUAL
17/06/2026 19:25,9.9814,1974.34,246,1874,146.46,ACTUAL
17/06/2026 19:30,9.98027,1958.72,211,1900,153.14,ACTUAL
17/06/2026 19:35,10.02769,1926.42,152,1900,126.22,ACTUAL
17/06/2026 19:40,10.02344,1922.22,155,1900,133.49,ACTUAL
17/06/2026 19:45,8.50356,1904.7,153,1900,149.11,ACTUAL
17/06/2026 19:50,8.45692,1889.75,154,1900,165.23,ACTUAL
17/06/2026 19:55,8.46185,2004.66,149.99739,2016.13261,162.42,ACTUAL
17/06/2026 20:00,9.93886,1930.64,150,1941,161.29,ACTUAL
17/06/2026 20:05,10.02854,1892.76,108.99532,1904.32468,121.15,ACTUAL
17/06/2026 20:10,9.98571,2021.03,106.00054,2060.22946,145.99,ACTUAL
17/06/2026 20:15,8.54934,1945.23,152.26783,1914.73217,122.35,ACTUAL
17/06/2026 20:20,9.98315,1866.13,133.00001,1879.99999,147.68,ACTUAL
17/06/2026 20:25,10.41946,1861.59,120.99999,1889.00001,149.24,ACTUAL
17/06/2026 20:30,9.8781,1830.79,108.99999,1900.00001,179.36,ACTUAL
17/06/2026 20:35,8.4201,1824.18,108.99999,1900.00001,186.01,ACTUAL
17/06/2026 20:40,9.83035,1811.01,117.37941,1891.62059,199.37,ACTUAL
17/06/2026 20:45,9.05517,1807.46,164.84854,1844.15146,202.96,ACTUAL
17/06/2026 20:50,8.37885,1813.22,235.27187,1773.72813,197.1,ACTUAL
17/06/2026 20:55,9.00687,1791.45,145,1864,219.18,ACTUAL
17/06/2026 21:00,9.72871,1780.33,225.45015,1783.54985,230.46,ACTUAL
17/06/2026 21:05,9.72612,1771.04,142.99999,1866.00001,239.89,ACTUAL
17/06/2026 21:10,9.86766,1777.8,137.72267,1862.27733,223.87,ACTUAL
17/06/2026 21:15,1.77917,1771.21,214.93647,1785.06353,230.51,ACTUAL
17/06/2026 21:20,7.47715,1748.15,85.1,1900,238.81,ACTUAL
17/06/2026 21:25,9.01558,1733.33,82.99999,1900.00001,251.73,ACTUAL
17/06/2026 21:30,7.40113,1719.98,84.00001,1899.99999,266.23,ACTUAL
17/06/2026 21:35,1.07218,1715.13,82,1900,269.17,ACTUAL
17/06/2026 21:40,4.58932,1713.35,82,1900,270.95,ACTUAL
17/06/2026 21:45,-6.01,1766.48,160.1512,1876.3288,272.36,ACTUAL
17/06/2026 21:50,-0.04997,1774.6,157.41772,1882.58228,267.65,ACTUAL
17/06/2026 21:55,-4.94136,1701.53,200.0461,1771.4839,272.31,ACTUAL
17/06/2026 22:00,-0.14129,1720.17,202,1780,263.98,ACTUAL
17/06/2026 22:05,-5.15,1700.24,201.00276,1769.23724,272.34,ACTUAL
17/06/2026 22:10,-0.15104,1715.22,195.461,1786.539,269.05,ACTUAL
17/06/2026 22:15,-3,1701.66,196.00432,1775.65568,272.32,ACTUAL
17/06/2026 22:20,-5.15,1694.98,195.99694,1768.98306,272.32,ACTUAL
17/06/2026 22:25,-2.14568,1649.87,86.00499,1745.07501,182.39,ACTUAL
17/06/2026 22:30,-2.17116,1636.66,85.005,1719.625,169.06,ACTUAL
17/06/2026 22:35,-2.48982,1628.37,166.00181,1730.68819,270.63,ACTUAL
17/06/2026 22:40,-2.99989,1619.95,192.99886,1696.95114,272.34,ACTUAL
17/06/2026 22:45,-2.13025,1497.78,82.00467,1646.45533,232.71,ACTUAL
17/06/2026 22:50,-2.20103,1588.42,81.99605,1597.05395,91.07,ACTUAL
17/06/2026 22:55,-2.18112,1586.88,81.99634,1589.85366,85.37,ACTUAL
17/06/2026 23:00,-2,1589.99,81.99604,1588.82396,81.2,ACTUAL
17/06/2026 23:05,-2,1584.47,81.99904,1640.12096,138.48,ACTUAL
17/06/2026 23:10,-2,1607.72,82.00172,1761.67828,237.96,ACTUAL
17/06/2026 23:15,-2,1584.34,193.00037,1661.33963,272.58,ACTUAL
17/06/2026 23:20,-2.01,1580.79,82.00225,1634.21775,136.25,ACTUAL
17/06/2026 23:25,-2.37368,1502.87,81.99859,1568.69141,148.78,ACTUAL
17/06/2026 23:30,-2.01,1506.34,82.00358,1598.31642,175.23,ACTUAL
17/06/2026 23:35,-2.37547,1507.83,82.00027,1561.71973,136.73,ACTUAL
17/06/2026 23:40,-2.01,1536.42,82.00223,1587.17777,133.52,ACTUAL
17/06/2026 23:45,-2.16996,1522.69,81.99801,1617.88199,178.4,ACTUAL
17/06/2026 23:50,-2.16923,1507.89,82.00061,1643.19939,218.99,ACTUAL
17/06/2026 23:55,-2.34715,1515.41,82.00393,1648.02607,216.23,ACTUAL
18/06/2026 00:00,-3.01,1500.12,81.99512,1537.12488,119.6,ACTUAL
18/06/2026 00:05,-3,1516.08,82.00043,1604.07957,171.06,ACTUAL
18/06/2026 00:10,-3,1505.05,81.99726,1623.07274,201.4,ACTUAL
18/06/2026 00:15,-3.01,1523.29,82.00492,1503.48508,62.42,ACTUAL
18/06/2026 00:20,-3,1570.77,82.00321,1589.87679,101.52,ACTUAL
18/06/2026 00:25,-2.21426,1567.02,81.99794,1576.18206,91.5,ACTUAL
18/06/2026 00:30,-2.4607,1564.44,81.99917,1515.83083,33.47,ACTUAL
18/06/2026 00:35,-2.01,1589.01,82.00102,1405.00898,-101.92,ACTUAL
18/06/2026 00:40,-2,1615.5,81.99845,1431.50155,-101.88,ACTUAL
18/06/2026 00:45,-1.82411,1621.29,81.99809,1405.32191,-133.71,ACTUAL
18/06/2026 00:50,18.2,1583.37,145.42611,1297.26389,-140.38,ACTUAL
18/06/2026 00:55,18.2,1575.78,174.57819,1260.62181,-140.28,ACTUAL
18/06/2026 01:00,-2,1576.55,192.99556,1289.73444,-93.74,ACTUAL
18/06/2026 01:05,-2,1577.64,193.00154,1253.48846,-130.91,ACTUAL
18/06/2026 01:10,13.72,1541.09,124.5702,1272.0698,-144.11,ACTUAL
18/06/2026 01:15,-1,1539.04,81.99574,1320.88426,-135.91,ACTUAL
18/06/2026 01:20,-2,1530.75,119.00065,1305.43935,-106.2,ACTUAL
18/06/2026 01:25,-2,1502.27,82.0043,1290.8457,-129.24,ACTUAL
18/06/2026 01:30,-2.01,1485.94,82.00334,1279.41666,-124.34,ACTUAL
18/06/2026 01:35,-2.01,1470.79,82.00308,1280.98692,-107.7,ACTUAL
18/06/2026 01:40,-2.56614,1489.69,81.99823,1342.80177,-64.86,ACTUAL
18/06/2026 01:45,-2.2912,1491.1,81.99889,1382.92111,-26.19,ACTUAL
18/06/2026 01:50,-2.28892,1482.3,82.00094,1381.85906,-18.45,ACTUAL
18/06/2026 01:55,-3.01,1485.24,82.00494,1295.48506,-107.61,ACTUAL
18/06/2026 02:00,-3,1478.58,81.99981,1323.89019,-72.67,ACTUAL
18/06/2026 02:05,-2.29035,1494.01,81.99977,1312.50023,-99.4,ACTUAL
18/06/2026 02:10,-2.29187,1499.4,81.99593,1324.86407,-92.44,ACTUAL
18/06/2026 02:15,-2.27972,1487.69,82.00075,1331.63925,-74.01,ACTUAL
18/06/2026 02:20,-2.29879,1478.4,82.00086,1335.18914,-61.2,ACTUAL
18/06/2026 02:25,-2.28858,1473.57,82.00239,1303.08761,-88.42,ACTUAL
18/06/2026 02:30,-2.01,1465.87,82.00029,1296.80971,-87.02,ACTUAL
18/06/2026 02:35,-2.01,1460.88,81.99851,1288.02149,-90.78,ACTUAL
18/06/2026 02:40,-2.01,1457.11,81.99891,1314.29109,-60.82,ACTUAL
18/06/2026 02:45,-2.01,1461.5,81.9991,1318.8109,-60.69,ACTUAL
18/06/2026 02:50,-2.01,1459.83,81.99803,1314.90197,-62.92,ACTUAL
18/06/2026 02:55,-2,1450.13,82.00272,1314.25728,-53.88,ACTUAL
18/06/2026 03:00,-2.00657,1447.01,82.00445,1305.10555,-59.9,ACTUAL
18/06/2026 03:05,-2.01,1436.37,82.0031,1302.1169,-52.27,ACTUAL
18/06/2026 03:10,-2.01,1430.28,82.00159,1284.94841,-63.33,ACTUAL
18/06/2026 03:15,-2.49635,1411.24,81.99579,1303.76421,-25.5,ACTUAL
18/06/2026 03:20,-2.26466,1403.77,81.99523,1327.29477,5.54,ACTUAL
18/06/2026 03:25,-2.44832,1394.44,81.99993,1356.17007,43.85,ACTUAL
18/06/2026 03:30,-2.92039,1379.94,82.00359,1369.22641,71.53,ACTUAL
18/06/2026 03:35,-2.90676,1388.2,81.99905,1392.60095,86.73,ACTUAL
18/06/2026 03:40,-2.19994,1378.95,82.00168,1424.86832,128.54,ACTUAL
18/06/2026 03:45,-2.85941,1372.49,82.00178,1454.40822,164.88,ACTUAL
18/06/2026 03:50,-2.85864,1366.48,82.00201,1449.51799,166.01,ACTUAL
18/06/2026 03:55,-2.17935,1368.31,82.00487,1423.18513,137.57,ACTUAL
18/06/2026 04:00,-2.18771,1375.61,82.00473,1414.92527,121.9,ACTUAL
18/06/2026 04:05,-2.85797,1336.72,82.00275,1414.39725,160.61,ACTUAL
18/06/2026 04:10,-2.40408,1339.87,81.99622,1425.12378,168.27,ACTUAL
18/06/2026 04:15,-2.17741,1456.68,82.0024,1482.5676,108.39,ACTUAL
18/06/2026 04:20,-2.38633,1444.89,81.99625,1497.15375,134.98,ACTUAL
18/06/2026 04:25,-2.87074,1456.52,82.005,1511.415,137.62,ACTUAL
18/06/2026 04:30,-2.386,1473.39,81.99963,1538.62037,148.06,ACTUAL
18/06/2026 04:35,-2.38695,1457.15,40.99593,1541.42407,125.91,ACTUAL
18/06/2026 04:40,-2.25221,1525.41,43.50092,1515.27908,33.45,ACTUAL
18/06/2026 04:45,-3,1388.54,46.00039,1458.71961,116.71,ACTUAL
18/06/2026 04:50,-2.18049,1408.68,49.00384,1504.25616,145.33,ACTUAL
18/06/2026 04:55,-2.99989,1400.76,51.00013,1531.93987,183.32,ACTUAL
18/06/2026 05:00,-2.90816,1407.25,53.49978,1581.71022,229.6,ACTUAL
18/06/2026 05:05,-2.60907,1393.54,55.9989,1573.3111,237.55,ACTUAL
18/06/2026 05:10,-2.83611,1386.43,59.00238,1533.97762,208.01,ACTUAL
18/06/2026 05:15,-2.99989,1393.78,60.99745,1534.49255,203.14,ACTUAL
18/06/2026 05:20,-2.98685,1406.78,63.65451,1544.90549,203.19,ACTUAL
18/06/2026 05:25,-2.2257,1412.36,65.5006,1520.9994,175.22,ACTUAL
18/06/2026 05:30,-2.23293,1422.55,68.4986,1521.1014,168.1,ACTUAL
18/06/2026 05:35,-2.29864,1413.15,70.49521,1557.79479,216.78,ACTUAL
18/06/2026 05:40,-2.90477,1429.59,73.99991,1550.41009,196.19,ACTUAL
18/06/2026 05:45,-2.60467,1447.26,75.50016,1594.06984,223.98,ACTUAL
18/06/2026 05:50,-2.99989,1459.33,78.49546,1603.38454,224.22,ACTUAL
18/06/2026 05:55,-2.88235,1458.54,81.49697,1625.06303,250.06,ACTUAL
18/06/2026 06:00,-2.87095,1454.93,83.50457,1620.64543,251.29,ACTUAL
18/06/2026 06:05,-2.83458,1471.55,82.49554,1630.96446,243.86,ACTUAL
18/06/2026 06:10,-2,1482.59,84.49517,1636.69483,240.53,ACTUAL
18/06/2026 06:15,-2,1509.83,84.50259,1687.88741,264.86,ACTUAL
18/06/2026 06:20,-2,1561.78,84.49964,1742.80036,267.9,ACTUAL
18/06/2026 06:25,-2,1564.53,83.50213,1744.98787,266.34,ACTUAL
18/06/2026 06:30,-2,1563.29,82.49911,1750.79089,272.5,ACTUAL
18/06/2026 06:35,-2,1571.49,82.50324,1758.98676,272.51,ACTUAL
18/06/2026 06:40,-2,1533.93,83.50249,1720.20751,272.32,ACTUAL
18/06/2026 06:45,-2,1542.33,82.49776,1721.39224,263.94,ACTUAL
18/06/2026 06:50,-2,1572.33,83.49559,1734.00441,247.22,ACTUAL
18/06/2026 06:55,-2,1602.16,82.50013,1761.52987,243.87,ACTUAL
18/06/2026 07:00,-2,1623.36,82.502,1776.468,237.54,ACTUAL
18/06/2026 07:05,-2,1632.92,84.4953,1784.9547,238.52,ACTUAL
18/06/2026 07:10,-2,1642.4,82.50473,1788.86527,230.81,ACTUAL
18/06/2026 07:15,-2,1667.86,85.50166,1807.47834,226.93,ACTUAL
18/06/2026 07:20,-2,1700.71,90.49744,1842.19256,233.89,ACTUAL
18/06/2026 07:25,-2,1706.03,99.99951,1827.65049,223.38,ACTUAL
18/06/2026 07:30,-2,1737.42,100.00006,1865.97994,230.37,ACTUAL
18/06/2026 07:35,-2,1769.12,106.49878,1888.34122,227.44,ACTUAL
18/06/2026 07:40,3.97822,1802.99,157.54959,1850.95041,206.93,ACTUAL
18/06/2026 07:45,7.64728,1828.92,163.48027,1856.01973,191.83,ACTUAL
18/06/2026 07:50,7.82274,1859.97,157.81504,1856.18496,154.88,ACTUAL
18/06/2026 07:55,-0.64301,1876.47,176.52528,1856.47472,157.39,ACTUAL
18/06/2026 08:00,-0.33631,1889.05,129,1900,140.66,ACTUAL
18/06/2026 08:05,-0.28792,1904.83,141,1900,136.84,ACTUAL
18/06/2026 08:10,7.80586,1922.62,188.61372,1858.38628,124.95,ACTUAL
18/06/2026 08:15,4.3225,1911.06,160,1900,149.67,ACTUAL
18/06/2026 08:20,4.57055,1948.66,160,1900,111.76,ACTUAL
18/06/2026 08:25,4.87515,1943.39,160,1900,117.09,ACTUAL
18/06/2026 08:30,-0.0687,1921.37,206.28375,1853.71625,139.26,ACTUAL
18/06/2026 08:35,-0.12883,1894.5,210.40647,1849.59353,166.38,ACTUAL
18/06/2026 08:40,9.42488,1870.17,160,1900,191.02,ACTUAL
18/06/2026 08:45,8.473,1845.15,160,1900,216.38,ACTUAL
18/06/2026 08:50,-5.15,1817.86,160.00312,1872.94688,216.65,ACTUAL
18/06/2026 08:55,-4.01,1790.2,159.99995,1853.09005,224.56,ACTUAL
18/06/2026 09:00,-3.01,1782.49,160.00431,1854.68569,234.1,ACTUAL
18/06/2026 09:05,-3,1815.34,159.99589,1896.77411,243.5,ACTUAL
18/06/2026 09:10,-3,1799.11,160.00032,1902.21968,265.57,ACTUAL
18/06/2026 09:15,-3,1716.36,160.00266,1811.04734,257.11,ACTUAL
18/06/2026 09:20,-4,1653.5,159.99502,1735.83498,244.65,ACTUAL
18/06/2026 09:25,-4,1670.47,160.00232,1756.10768,248.08,ACTUAL
18/06/2026 09:30,-3.01,1681.43,160.004,1756.136,237.03,ACTUAL
18/06/2026 09:35,-4.01,1675.65,159.99886,1758.54114,245.3,ACTUAL
18/06/2026 09:40,-4.01,1631.77,160.0049,1716.8351,247.6,ACTUAL
18/06/2026 09:45,-5.15,1588.08,160.00014,1678.03986,252.64,ACTUAL
18/06/2026 09:50,-5.15,1568.62,159.99802,1651.11198,245.07,ACTUAL
18/06/2026 09:55,-4.01,1630.31,159.99969,1711.98031,244.35,ACTUAL
18/06/2026 10:00,-15.46,1508.94,159.99954,1604.73046,258.76,ACTUAL
18/06/2026 10:05,-4.01,1597.6,159.99577,1670.41423,235.45,ACTUAL
18/06/2026 10:10,-3.01,1729.82,186.00197,1788.56803,247.63,ACTUAL
18/06/2026 10:15,-4.01,1618.65,159.99722,1707.65278,251.94,ACTUAL
18/06/2026 10:20,-4.01,1625.25,180.00167,1700.62833,258.48,ACTUAL
18/06/2026 10:25,-5.15,1579.51,189.00047,1646.60953,259.21,ACTUAL
18/06/2026 10:30,-4,1682.04,189.00189,1733.82811,243.61,ACTUAL
18/06/2026 10:35,-5.15,1500.02,167.00129,1583.51871,253.59,ACTUAL
18/06/2026 10:40,-4.01,1639.79,146.00128,1744.06872,253.31,ACTUAL
18/06/2026 10:45,-20,1450.33,173.99801,1530.50199,257.33,ACTUAL
18/06/2026 10:50,-5.15,1593.94,160.00328,1688.61672,257.85,ACTUAL
18/06/2026 10:55,-5.15,1661.5,160.00222,1691.69778,192.22,ACTUAL
18/06/2026 11:00,-5.15,1579.14,159.99683,1607.76317,190.69,ACTUAL
18/06/2026 11:05,-3,1511.94,132.99741,1648.94259,273.53,ACTUAL
18/06/2026 11:10,-2,1426.83,119.99673,1659.83327,358.23,ACTUAL
18/06/2026 11:15,-2,1375.49,95.00264,1700.48736,428.02,ACTUAL
18/06/2026 11:20,-2,1365.27,80.00298,1659.36702,382.23,ACTUAL
18/06/2026 11:25,-2.07554,1385.11,79.9984,1553.7216,254.55,ACTUAL
18/06/2026 11:30,-2,1373.8,80.0005,1619.6895,332.98,ACTUAL
18/06/2026 11:35,-2,1330.84,79.99769,1625.73231,381.57,ACTUAL
18/06/2026 11:40,-3,1301.77,79.99646,1580.23354,364.88,ACTUAL
18/06/2026 11:45,-3,1292.79,79.99964,1581.79036,374.88,ACTUAL
18/06/2026 11:50,-3,1277.21,79.99658,1554.83342,363.16,ACTUAL
18/06/2026 11:55,-3,1263.88,79.99569,1523.22431,344.88,ACTUAL
18/06/2026 12:00,-2.99989,1260.65,79.99781,1595.32219,423.86,ACTUAL
18/06/2026 12:05,-2,1324.86,79.99818,1664.86182,429.21,ACTUAL
18/06/2026 12:10,-3,1299.08,79.99963,1639.08037,429.24,ACTUAL
18/06/2026 12:15,-2,1357.7,80.001,1697.699,429.22,ACTUAL
18/06/2026 12:20,-2,1367.66,80.00119,1694.31881,415.64,ACTUAL
18/06/2026 12:25,-3,1252.73,79.99668,1556.40332,392.24,ACTUAL
18/06/2026 12:30,-3,1199.96,79.99895,1538.93105,428.25,ACTUAL
18/06/2026 12:35,-3.64024,1192.45,79.99846,1499.84154,395.63,ACTUAL
18/06/2026 12:40,-3.01,1234.47,79.99528,1560.52472,415.11,ACTUAL
18/06/2026 12:45,-2,1443.49,80.0038,1772.9362,418.67,ACTUAL
18/06/2026 12:50,-4,1156.49,79.99558,1496.49442,429.52,ACTUAL
18/06/2026 12:55,-3.01,1215.8,79.99814,1555.80186,429.56,ACTUAL
18/06/2026 13:00,-3.01,1279.11,80.00232,1619.10768,429.64,ACTUAL
18/06/2026 13:05,-4.01,1162.73,79.99501,1420.62499,343.83,ACTUAL
18/06/2026 13:10,-3.01,1348.39,79.99971,1600.81029,337.6,ACTUAL
18/06/2026 13:15,-10.74418,1103.35,79.99667,1331.65333,313.07,ACTUAL
18/06/2026 13:20,-3,1324.24,80.00033,1617.65967,380.04,ACTUAL
18/06/2026 13:25,-4,1308.82,80.00132,1493.45868,268.33,ACTUAL
18/06/2026 13:30,-4.01,1331.82,79.99813,1455.86187,207.54,ACTUAL
18/06/2026 13:35,-16,1257.25,79.99851,1370.61149,198.4,ACTUAL
18/06/2026 13:40,-5.99996,1262.52,84.99583,1359.24417,185,ACTUAL
18/06/2026 13:45,-3.01,1387.52,85.00388,1529.61612,230.27,ACTUAL
18/06/2026 13:50,-4.01,1261.63,85.00146,1407.07854,233.78,ACTUAL
18/06/2026 13:55,-6,1092.17,85.00142,1318.87858,316.61,ACTUAL
18/06/2026 14:00,-20,1132.31,87.00038,1263.49962,221.46,ACTUAL
18/06/2026 14:05,-15.46,1271.98,86.99859,1305.05141,122.79,ACTUAL
18/06/2026 14:10,-20,1292.14,87.0039,1252.1761,52.01,ACTUAL
18/06/2026 14:15,-4.01,1275.92,86.99561,1354.63439,168.68,ACTUAL
18/06/2026 14:20,-20,1117.93,88.00444,1115.08556,91.21,ACTUAL
18/06/2026 14:25,-20,1306.98,89.00358,1305.83642,93.18,ACTUAL
18/06/2026 14:30,-15.46,1289.53,89.00483,1327.40517,131.36,ACTUAL
18/06/2026 14:35,-20,1268.51,88.99529,1388.60471,213.7,ACTUAL
18/06/2026 14:40,-20,1291.69,90.99892,1330.69108,137.06,ACTUAL
18/06/2026 14:45,-20,1223.14,90.99906,1258.84094,133.88,ACTUAL
18/06/2026 14:50,-20,1231.84,91.00197,1266.73803,133.08,ACTUAL
18/06/2026 14:55,-20,1176.11,86.99531,1144.90469,61.68,ACTUAL
18/06/2026 15:00,-15.46,1288.35,86.99754,1253.29246,57.75,ACTUAL
18/06/2026 15:05,-20,1285.07,87.002,1187.918,-5.46,ACTUAL
18/06/2026 15:10,-12.5,1367.19,90.99516,1255.74484,-15.97,ACTUAL
18/06/2026 15:15,-4.01,1446.25,91.00014,1306.51986,-44.64,ACTUAL
18/06/2026 15:20,-3.01,1536.09,90.99653,1408.56347,-32.7,ACTUAL
18/06/2026 15:25,-3.07152,1486.89,89.00151,1465.07849,69.59,ACTUAL
18/06/2026 15:30,-3,1575.72,91.99781,1566.34219,87.71,ACTUAL
18/06/2026 15:35,-2.81976,1699.44,89.00254,1786.00746,178.44,ACTUAL
18/06/2026 15:40,-2.99085,1665.51,93.00471,1809.88529,239.83,ACTUAL
18/06/2026 15:45,-2.15341,1742.1,92.9959,1854.9441,208.11,ACTUAL
18/06/2026 15:50,-3.01,1710.03,93.00038,1635.96962,19.06,ACTUAL
18/06/2026 15:55,-2.1972,1730.46,94.99865,1770.74135,136.24,ACTUAL
18/06/2026 16:00,-2.16455,1684.05,94.99892,1752.45108,165.54,ACTUAL
18/06/2026 16:05,-2,1815.08,95.00007,1802.34993,84.97,ACTUAL
18/06/2026 16:10,-2.2734,1761.75,100.00171,1737.29829,80.57,ACTUAL
18/06/2026 16:15,-2.51876,1721.03,101.00351,1699.94649,84.83,ACTUAL
18/06/2026 16:20,-2.52949,1761.71,106.9958,1715.0642,65.22,ACTUAL
18/06/2026 16:25,-2.49933,1776.47,97.9951,1706.7349,29.57,ACTUAL
18/06/2026 16:30,-0.14274,1826.17,103,1928,206.27,ACTUAL
18/06/2026 16:35,-2.17052,1857.85,119.99717,1842.49283,106.18,ACTUAL
18/06/2026 16:40,-0.82331,1837.78,124,1904,192,ACTUAL
18/06/2026 16:45,0.0001,1882.82,124,1904,146.25,ACTUAL
18/06/2026 16:50,3.44853,1893.3,123.99906,2115.25094,350.46,ACTUAL
18/06/2026 16:55,-1.03,1927.41,124.00238,2079.07762,277.96,ACTUAL
18/06/2026 17:00,-1.05,1950.7,124.00407,2044.79593,221.7,ACTUAL
18/06/2026 17:05,-1.05,1993.38,100.00484,2036.01516,145.25,ACTUAL
18/06/2026 17:10,-2,2033.49,84.99698,2007.20302,59.19,ACTUAL
18/06/2026 17:15,-2,2015.48,84.00126,1968.40874,37.11,ACTUAL
18/06/2026 17:20,5.70769,2031.03,84.00338,2071.99662,125.98,ACTUAL
18/06/2026 17:25,-1.72,2060.94,89.00231,2011.44769,42.54,ACTUAL
18/06/2026 17:30,-1,2082.82,112.00187,2052.61813,85.85,ACTUAL
18/06/2026 17:35,5.61954,2108.26,103.00103,2062.79897,61.62,ACTUAL
18/06/2026 17:40,8.19142,2115.45,108.00215,2070.29785,66.92,ACTUAL
18/06/2026 17:45,0.00576,2125.3,108.99526,2078.46474,66.25,ACTUAL
18/06/2026 17:50,8.23319,2149.12,112.99784,2081.21216,49.24,ACTUAL
18/06/2026 17:55,6.70569,2167.29,117.99544,2069.85456,24.79,ACTUAL
18/06/2026 18:00,8.51,2186.28,132.06233,2062.40767,12.45,ACTUAL
18/06/2026 18:05,9.19025,2188.23,153.00238,2063.17762,32.14,ACTUAL
18/06/2026 18:10,9.18582,2190.9,152.99781,2051.28219,17.62,ACTUAL
18/06/2026 18:15,9.97522,2188.61,248.58797,1945.65203,9.88,ACTUAL
18/06/2026 18:20,9.97765,2191.08,193.06419,2004.76581,10.94,ACTUAL
18/06/2026 18:25,10.83692,2196.26,190.53355,2000.52645,-0.92,ACTUAL
18/06/2026 18:30,10.90154,2207.16,144.0031,2051.2069,-7.55,ACTUAL
18/06/2026 18:35,10.09767,2214.88,138.99925,2041.33075,-29.99,ACTUAL
18/06/2026 18:40,10.83574,2179.02,143.00385,2033.09615,1.33,ACTUAL
18/06/2026 18:45,9.28555,2190.5,142.99792,2033.00208,-10.11,ACTUAL
18/06/2026 18:50,9.24139,2183.16,142.99819,2046.09181,10.16,ACTUAL
18/06/2026 18:55,9.204,2181.75,143.00034,2049.62966,15.1,ACTUAL
18/06/2026 19:00,9.19233,2179.5,143.00002,2053.52998,21.19,ACTUAL
18/06/2026 19:05,9.20542,2179.53,155.00284,2046.43716,26.18,ACTUAL
18/06/2026 19:10,10.75018,2163.63,154.9981,2046.2619,41.79,ACTUAL
18/06/2026 19:15,10.70342,2161.11,153.00161,2054.64839,50.72,ACTUAL
18/06/2026 19:20,10.69611,2153.4,149.62468,2061.76532,62.12,ACTUAL
18/06/2026 19:25,10.64745,2139.34,143.00102,2065.90898,73.64,ACTUAL
18/06/2026 19:30,10.65042,2138.93,143.00036,2070.86964,79.03,ACTUAL
18/06/2026 19:35,10.66011,2137.39,145.99521,2072.61479,85.49,ACTUAL
18/06/2026 19:40,10.55866,2097.46,145.99975,2058.44025,111.22,ACTUAL
18/06/2026 19:45,10.74433,2108.21,133.9973,2065.8927,95.9,ACTUAL
18/06/2026 19:50,10.64653,2260.91,134.00232,2207.39768,84.77,ACTUAL
18/06/2026 19:55,10.6581,2113.67,133.99848,2053.20152,77.86,ACTUAL
18/06/2026 20:00,10.59335,2101.01,134.00322,2055.49678,92.3,ACTUAL
18/06/2026 20:05,10.53981,2077.67,133.9962,2049.1238,109.26,ACTUAL
18/06/2026 20:10,10.58979,2138.69,134.00369,2102.24631,101.82,ACTUAL
18/06/2026 20:15,8.94286,2128.11,140.00283,2108.46717,124.65,ACTUAL
18/06/2026 20:20,8.94486,2068.06,140.00279,2055.54721,131.74,ACTUAL
18/06/2026 20:25,8.94359,2057.12,142.99633,2058.87367,149,ACTUAL
18/06/2026 20:30,9.57706,2052.86,145.99614,2062.00386,159.43,ACTUAL
18/06/2026 20:35,8.86116,2040.36,145.99649,2062.96351,172.92,ACTUAL
18/06/2026 20:40,9.53147,2031.72,146.00373,2066.58627,185.23,ACTUAL
18/06/2026 20:45,10.06705,2033.42,146.0015,2071.8485,188.83,ACTUAL
18/06/2026 20:50,10.27343,2023.01,146.00034,2075.23966,202.67,ACTUAL
18/06/2026 20:55,10.23475,2012.32,145.99678,2073.21322,211.36,ACTUAL
18/06/2026 21:00,10.28572,1986.74,117.0017,2059.5783,194.22,ACTUAL
18/06/2026 21:05,17.39893,1986.93,117.00224,2050.07776,184.38,ACTUAL
18/06/2026 21:10,10.38713,1968.17,117.0013,2058.4687,211.85,ACTUAL
18/06/2026 21:15,10.24231,1966.11,116.99691,2063.84309,219.33,ACTUAL
18/06/2026 21:20,7.98113,1969.59,66.99571,2070.13429,171.98,ACTUAL
18/06/2026 21:25,7.94286,1958.76,66.99949,2072.95051,185.64,ACTUAL
18/06/2026 21:30,7.90695,1948.27,66.00093,2082.83907,205.1,ACTUAL
18/06/2026 21:35,4.9569,1921.26,48.99501,2089.37499,221.75,ACTUAL
18/06/2026 21:40,-0.04876,1921.63,40.00405,2086.99595,209.94,ACTUAL
18/06/2026 21:45,-0.04883,1924.9,40.00254,2089.04746,208.71,ACTUAL
18/06/2026 21:50,-0.04827,1899.02,40.00003,2091.91997,237.61,ACTUAL
18/06/2026 21:55,-0.04833,1881.78,39.99679,2083.95321,246.97,ACTUAL
18/06/2026 22:00,-0.09624,1865.98,40.00237,2093.70763,272.71,ACTUAL
18/06/2026 22:05,-0.09623,1860.89,39.99713,2081.23287,265.3,ACTUAL
18/06/2026 22:10,-0.09566,1840.65,39.99503,2086.98497,291.48,ACTUAL
18/06/2026 22:15,-0.09473,1918.01,40.00448,2197.09552,324.43,ACTUAL
18/06/2026 22:20,-0.09571,1993.41,40.00167,2241.88833,293.53,ACTUAL
18/06/2026 22:25,-0.09469,1937.03,40.00492,2221.86508,330.27,ACTUAL
18/06/2026 22:30,-0.09517,1923.1,40.0039,2178.4761,300.53,ACTUAL
18/06/2026 22:35,-0.09512,1915.78,40.0023,2173.9677,303.4,ACTUAL
18/06/2026 22:40,-0.09463,1762.6,43.418,2035.372,321.57,ACTUAL
18/06/2026 22:45,-2.19171,1798.77,66.1224,1958.1776,230.24,ACTUAL
18/06/2026 22:50,-2,1780.46,39.99783,1946.69217,210.87,ACTUAL
18/06/2026 22:55,-2,1863.74,39.99833,1941.09167,121.76,ACTUAL
18/06/2026 23:00,-0.09299,1673.9,40.00393,1997.94607,370.06,ACTUAL
18/06/2026 23:05,-2.90509,1713.51,40.00326,1894.90674,226.15,ACTUAL
18/06/2026 23:10,-2.41305,1705.92,39.99804,1897.49196,236.4,ACTUAL
18/06/2026 23:15,-2.3974,1682.74,40.00385,1887.61615,249.85,ACTUAL
18/06/2026 23:20,-1,1641.83,40.00173,2003.73827,408.66,ACTUAL
18/06/2026 23:25,-2.38329,1657.32,39.99694,1891.90306,279.82,ACTUAL
18/06/2026 23:30,-2.39759,1671.12,39.99998,1875.43002,249.3,ACTUAL
18/06/2026 23:35,-1.03,1692.9,39.99866,1988.05134,340.94,ACTUAL
18/06/2026 23:40,-0.09307,1678.3,40.00227,2002.23773,369.85,ACTUAL